{
	"song": {
		"sectionLengths": [],
		"player1": "bf",
		"events": [],
		"gfVersion": "gf",
		"player2": "FakeBf",
		"notes": [
			{
				"sectionNotes": [
					[
						0,
						2,
						321.428571428571
					],
					[
						214.285714285714,
						0,
						321.428571428571
					],
					[
						750,
						3,
						0
					],
					[
						857.142857142857,
						1,
						0
					],
					[
						964.285714285714,
						2,
						0
					],
					[
						1178.57142857143,
						3,
						0
					],
					[
						1285.71428571429,
						0,
						0
					],
					[
						1392.85714285714,
						1,
						0
					],
					[
						1500,
						0,
						0
					],
					[
						1607.14285714286,
						2,
						0
					]
				],
				"lengthInSteps": 16,
				"typeOfSection": 0,
				"mustHitSection": true
			},
			{
				"sectionNotes": [
					[
						1714.28571428571,
						3,
						321.428571428571
					],
					[
						1928.57142857143,
						1,
						321.428571428571
					],
					[
						2464.28571428571,
						0,
						0
					],
					[
						2571.42857142857,
						2,
						0
					],
					[
						2678.57142857143,
						1,
						0
					],
					[
						2892.85714285714,
						3,
						0
					],
					[
						3000,
						2,
						0
					],
					[
						3107.14285714286,
						0,
						0
					],
					[
						3214.28571428571,
						1,
						0
					],
					[
						3321.42857142857,
						0,
						0
					]
				],
				"lengthInSteps": 16,
				"typeOfSection": 0,
				"mustHitSection": true
			},
			{
				"sectionNotes": [
					[
						3428.57142857143,
						2,
						107.142857142857
					],
					[
						3642.85714285714,
						3,
						0
					],
					[
						3750,
						2,
						214.285714285714
					],
					[
						4285.71428571429,
						1,
						0
					],
					[
						4178.57142857143,
						0,
						0
					],
					[
						4500,
						3,
						0
					],
					[
						4607.14285714286,
						2,
						0
					],
					[
						4071.42857142857,
						1,
						0
					],
					[
						4714.28571428571,
						3,
						0
					],
					[
						4821.42857142857,
						1,
						0
					],
					[
						4928.57142857143,
						0,
						0
					]
				],
				"lengthInSteps": 16,
				"typeOfSection": 0,
				"mustHitSection": true
			},
			{
				"sectionNotes": [
					[
						5142.85714285714,
						1,
						321.428571428571
					],
					[
						5357.14285714286,
						3,
						428.571428571428
					],
					[
						5892.85714285714,
						1,
						0
					],
					[
						6000,
						2,
						0
					],
					[
						6107.14285714286,
						0,
						0
					],
					[
						6214.28571428571,
						1,
						0
					],
					[
						6428.57142857143,
						3,
						0
					],
					[
						6535.71428571429,
						2,
						0
					],
					[
						6750,
						0,
						0
					],
					[
						6642.85714285714,
						0,
						0
					]
				],
				"lengthInSteps": 16,
				"typeOfSection": 0,
				"mustHitSection": true
			},
			{
				"sectionNotes": [
					[
						6857.14285714286,
						2,
						321.428571428571
					],
					[
						7071.42857142857,
						0,
						321.428571428571
					],
					[
						7607.14285714286,
						3,
						0
					],
					[
						7714.28571428571,
						1,
						0
					],
					[
						7821.42857142857,
						2,
						0
					],
					[
						8035.71428571429,
						3,
						0
					],
					[
						8142.85714285714,
						0,
						0
					],
					[
						8250,
						1,
						0
					],
					[
						8357.14285714286,
						0,
						0
					],
					[
						8464.28571428571,
						2,
						0
					]
				],
				"lengthInSteps": 16,
				"typeOfSection": 0,
				"mustHitSection": false
			},
			{
				"sectionNotes": [
					[
						8571.42857142857,
						3,
						321.428571428571
					],
					[
						8785.71428571429,
						1,
						321.428571428571
					],
					[
						9321.42857142857,
						0,
						0
					],
					[
						9428.57142857143,
						2,
						0
					],
					[
						9535.71428571429,
						1,
						0
					],
					[
						9750,
						3,
						0
					],
					[
						9857.14285714286,
						2,
						0
					],
					[
						9964.28571428571,
						0,
						0
					],
					[
						10071.4285714286,
						1,
						0
					],
					[
						10178.5714285714,
						0,
						0
					],
					[
						9642.85714285714,
						2,
						0
					]
				],
				"lengthInSteps": 16,
				"typeOfSection": 0,
				"mustHitSection": false
			},
			{
				"sectionNotes": [
					[
						11142.8571428571,
						1,
						0
					],
					[
						11035.7142857143,
						0,
						0
					],
					[
						11357.1428571429,
						3,
						0
					],
					[
						11464.2857142857,
						2,
						0
					],
					[
						10928.5714285714,
						1,
						0
					],
					[
						11571.4285714286,
						3,
						0
					],
					[
						11678.5714285714,
						1,
						0
					],
					[
						11785.7142857143,
						0,
						0
					],
					[
						10285.7142857143,
						3,
						0
					],
					[
						10500,
						2,
						321.428571428571
					]
				],
				"lengthInSteps": 16,
				"typeOfSection": 0,
				"mustHitSection": false
			},
			{
				"sectionNotes": [
					[
						12750,
						1,
						0
					],
					[
						12857.1428571429,
						2,
						0
					],
					[
						12964.2857142857,
						0,
						0
					],
					[
						13071.4285714286,
						1,
						0
					],
					[
						13285.7142857143,
						3,
						0
					],
					[
						13392.8571428571,
						2,
						0
					],
					[
						13500,
						0,
						0
					],
					[
						13178.5714285714,
						2,
						0
					],
					[
						13232.1428571429,
						1,
						0
					],
					[
						13607.1428571429,
						1,
						0
					],
					[
						12000,
						3,
						535.714285714286
					]
				],
				"lengthInSteps": 16,
				"typeOfSection": 0,
				"mustHitSection": false
			},
			{
				"sectionNotes": [
					[
						13714.2857142857,
						0,
						696.428571428571
					],
					[
						14571.4285714286,
						0,
						696.428571428571
					],
					[
						13714.2857142857,
						4,
						696.428571428571
					],
					[
						14571.4285714286,
						4,
						696.428571428571
					]
				],
				"lengthInSteps": 16,
				"typeOfSection": 0,
				"gfSection": false,
				"mustHitSection": true
			},
			{
				"sectionNotes": [
					[
						15428.5714285714,
						2,
						696.428571428571
					],
					[
						16285.7142857143,
						2,
						696.428571428571
					],
					[
						15428.5714285714,
						6,
						696.428571428571
					],
					[
						16285.7142857143,
						6,
						696.428571428571
					]
				],
				"lengthInSteps": 16,
				"typeOfSection": 0,
				"mustHitSection": true
			},
			{
				"sectionNotes": [
					[
						17142.8571428571,
						1,
						0
					],
					[
						17357.1428571429,
						1,
						0
					],
					[
						17571.4285714286,
						1,
						0
					],
					[
						17785.7142857143,
						1,
						0
					],
					[
						18000,
						1,
						0
					],
					[
						18214.2857142857,
						1,
						0
					],
					[
						18428.5714285714,
						1,
						0
					],
					[
						18642.8571428571,
						1,
						0
					]
				],
				"lengthInSteps": 16,
				"typeOfSection": 0,
				"mustHitSection": true
			},
			{
				"sectionNotes": [
					[
						18857.1428571429,
						3,
						1125
					],
					[
						20142.8571428571,
						3,
						321.428571428571
					],
					[
						18857.1428571429,
						7,
						1125
					],
					[
						20142.8571428571,
						7,
						321.428571428571
					]
				],
				"lengthInSteps": 16,
				"typeOfSection": 0,
				"mustHitSection": true
			},
			{
				"sectionNotes": [
					[
						20571.4285714286,
						0,
						0
					],
					[
						21000,
						0,
						0
					],
					[
						21428.5714285714,
						0,
						750
					],
					[
						20571.4285714286,
						4,
						0
					],
					[
						21000,
						4,
						0
					],
					[
						21428.5714285714,
						4,
						750
					]
				],
				"lengthInSteps": 16,
				"typeOfSection": 0,